Gddc_total,Days_to_maturity,Label
1110.0,84.0,1
940.0,79.0,1
981.6666666666667,73.0,1
934.4444444444445,78.0,1
618.5400000000001,73.2,2
607.75,85.0,2
667.1650000000003,79.9,2
625.9500000000002,64.2,2
645.9750000000001,78.3,2
543.22,62.8,2
609.03,60.3,2
671.64,57.9,2
731.1149999999999,69.3,2
755.2500000000001,57.0,2
