Gddf_total,Days_to_maturity,Label
1998.0,84.0,1
1692.0,79.0,1
1767.0,73.0,1
1682.0,78.0,1
1113.372,73.2,2
1093.95,85.0,2
1200.8970000000006,79.9,2
1126.7100000000003,64.2,2
1162.7550000000003,78.3,2
977.796,62.8,2
1096.254,60.3,2
1208.952,57.9,2
1316.0069999999998,69.3,2
1359.4500000000003,57.0,2
